"Brocoli", 347.20, 468
"Morron", 2991.35, 642
"Morron", 3014.07, 696
"Mandarina", 20.94, 900
"Durazno", 145.47, 696
"Pepino", 35.23, 525
"Higo", 2523.48, 110
"Calabaza", 14.76, 712
"Repollo", 6.11, 637
"Durazno", 138.86, 728
"Higo", 2429.45, 99
"Repollo", 9.24, 616
"Batata", 20.96, 1080
"Melon", 96.71, 444
"Zuccini", 89.23, 606
"Sandia", 49.98, 1017
"Coliflor", 25.06, 570
"Berenjena", 48.61, 690
"Acelga", 9.87, 783
"Choclo", 56.58, 354
"Pepino", 43.99, 550
"Pomelo", 43.52, 945
"Caqui", 789.37, 105
"Durazno", 155.69, 720
"Repollo", 7.95, 686
"Mandarina", 21.07, 880
"Lima", 1383.89, 196
"Champignon", 3568.58, 97
"Palta", 1116.82, 324
"Choclo", 68.88, 318
"Alcachofa", 162.51, 285
"Ajo", 898.00, 109
"TomCherry", 533.99, 238
"Ciruela", 858.30, 810
"Mandarina", 14.14, 870
"Naranja", 5.65, 1010
"Tomate", 756.55, 783
"Higo", 2523.03, 98
"Ciruela", 994.72, 837
"Pomelo", 42.40, 720
"Berenjena", 47.36, 546
"Caqui", 826.28, 106
"Pomelo", 59.85, 1026
"Palta", 1116.06, 392
"Zanahoria", 35.03, 540
"Zanahoria", 27.23, 690
"Banana", 59.72, 820
"Durazno", 125.62, 936
"Durazno", 163.86, 816
"Acelga", 21.46, 792
"Coliflor", 30.16, 495
"Palta", 491.17, 540
"Naranja", 14.49, 810
"Choclo", 59.18, 327
"Kinoto", 34.36, 232
"Lima", 1199.47, 190
"Morron", 2975.51, 636
"Pomelo", 46.80, 792
"Limon", 345.21, 700
"Pomelo", 51.85, 927
"Lechuga", 36.08, 783
"Cereza", 950.22, 192
"Frambuesa", 2048.40, 80
"Pomelo", 52.45, 909
"Alcachofa", 146.84, 261
"Cereza", 1020.20, 176
"Naranja", 9.16, 1050
"Higo", 2529.37, 107
"Ciruela", 1016.74, 720
"Ajo", 951.38, 109
"Tomate", 733.91, 981
"Naranja", 10.90, 910
"Cereza", 1025.18, 224
"Higo", 2490.63, 92
"Pomelo", 45.02, 900
"Caqui", 786.59, 85
"Batata", 22.67, 1090
"Pera", 150.63, 890
"Durazno", 280.33, 936
"Coliflor", 21.43, 545
"Kiwi", 405.67, 368
"Mandarina", 24.06, 830
"Alcachofa", 150.50, 333
"Acelga", 19.31, 1053
"Papa", 19.09, 1070
"Cereza", 1003.96, 240
"Palta", 473.00, 505
"Cereza", 1086.74, 172
"Lima", 1041.38, 208
"Palta", 1182.53, 376
"Manzana", 130.21, 940
"Banana", 63.84, 1090
"Sandia", 64.06, 954
"Frambuesa", 2067.21, 117
"Durazno", 281.91, 736
"Lima", 1247.96, 214
"Caqui", 828.10, 103
"Pera", 150.57, 900
"Banana", 68.81, 1060
"Cebolla", 62.69, 712
"Ajo", 897.47, 88
"Naranja", 23.42, 860
"Lima", 1031.36, 230
"Kiwi", 420.52, 468
"Ciruela", 1016.35, 891
"Kiwi", 436.40, 460
"Frutilla", 311.96, 273
"Esparrago", 655.23, 222
"Zanahoria", 40.48, 492
"Zuccini", 82.01, 534
"Durazno", 159.29, 832
"TomCherry", 545.40, 204
"Pepino", 35.04, 575
"Rabanito", 247.65, 258
"Manzana", 142.31, 1120
"Tomate", 750.87, 981
"Tomate", 783.29, 1053
"Mandarina", 28.44, 1020
"Naranja", 12.79, 990
"Sandia", 58.55, 729
"Mandarina", 20.51, 930
"Uva", 756.12, 291
"Durazno", 293.17, 656
"Coliflor", 31.38, 455
"Morron", 2892.22, 678
"Sandia", 49.46, 936
"Berenjena", 55.18, 540
"Ciruela", 953.26, 846
"Naranja", 12.62, 1100
"Choclo", 61.68, 336
"Caqui", 816.27, 85
"Pepino", 41.48, 430
"Champignon", 3584.75, 103
"Naranja", 11.61, 1140
"Lima", 1353.98, 234
"Repollo", 3.95, 819
"Higo", 2585.87, 82
"Caqui", 829.60, 85
"Limon", 334.01, 784
"Pepino", 34.98, 410
"Melon", 94.66, 456
"Champignon", 3667.81, 89
"Berenjena", 58.03, 636
"Mandarina", 21.95, 820
"Ciruela", 995.11, 774
"Mandarina", 20.39, 1110
"Alcachofa", 134.95, 324
"Morron", 2901.79, 540
"Coliflor", 34.71, 420
"Naranja", 11.98, 1040
"Zanahoria", 50.52, 558
"Uva", 684.20, 267
"Limon", 331.82, 630
"Durazno", 151.52, 880
"Zanahoria", 28.49, 624
"Pepino", 40.78, 585
"Brocoli", 366.34, 344
"Cereza", 1026.63, 206
"Apio", 48.33, 333
"Morron", 2938.27, 714
"Berenjena", 46.89, 696
"Banana", 62.18, 1130
"Frambuesa", 2066.01, 105
"Acelga", 24.03, 1080
"TomCherry", 580.83, 190
"Calabaza", 30.08, 928
"Pomelo", 44.07, 864
"Durazno", 147.85, 712
"Mandarina", 14.94, 980
"Berenjena", 39.66, 516
"Limon", 295.74, 616
"Mandarina", 26.55, 890
"Pepino", 34.76, 425
"Ajo", 938.81, 111
"Manzana", 131.56, 1100
"Repollo", 6.91, 658
"Brocoli", 382.18, 384
"Lima", 1295.92, 240
"Manzana", 118.18, 1030
"Brocoli", 382.01, 400
"Pepino", 33.47, 420
"Pepino", 31.65, 545
"Lima", 1369.60, 170
"Berenjena", 52.59, 522
"Zuccini", 86.83, 558
"Calabaza", 25.12, 864
"Champignon", 3551.22, 103
"Papa", 21.58, 920
"Limon", 337.11, 798
"Apio", 64.38, 321
"Pomelo", 41.64, 747
"Durazno", 152.68, 864
"Papa", 11.17, 800
"Rabanito", 228.65, 336
"Apio", 51.28, 249
"Uva", 713.15, 300
"Cebolla", 54.48, 752
"Cebolla", 56.63, 824
"Zuccini", 90.72, 690
"Mandarina", 21.96, 960
"Lechuga", 48.66, 990
"Lima", 1077.50, 166
"Lima", 1409.89, 194
"Caqui", 843.48, 106
"Mandarina", 25.20, 990
"Lima", 1223.07, 212
"Durazno", 153.36, 928
"Mandarina", 25.17, 840
"Mandarina", 26.29, 870
"Durazno", 161.98, 944
"Manzana", 151.76, 1150
"Palta", 474.28, 555
"Palta", 1189.81, 448
"Tomate", 760.15, 900
"Lima", 1235.15, 166
"Choclo", 53.13, 255
"Morron", 2961.54, 552
"Pomelo", 39.91, 1080
"Banana", 54.10, 1120
"Kiwi", 456.04, 396
"Pepino", 40.49, 600
"Choclo", 55.30, 279
"Banana", 62.24, 1100
"Frambuesa", 2066.04, 120
"Repollo", 6.54, 819
"Lima", 1247.65, 182
"Higo", 2479.31, 92
"Manzana", 133.99, 1010
"Naranja", 21.22, 880
"Higo", 2477.41, 112
"Durazno", 292.94, 856
"Uva", 705.32, 330
"Coliflor", 26.39, 535
"Mandarina", 22.92, 1060
"Durazno", 151.31, 768
"Ajo", 956.06, 95
"Alcachofa", 141.75, 252
"Coliflor", 19.55, 535
"Banana", 72.01, 930
"Durazno", 256.37, 848
"Limon", 318.75, 791
"Repollo", 4.18, 623
"Tomate", 766.74, 810
"Mandarina", 30.78, 980
"Calabaza", 14.05, 720
"Mandarina", 22.12, 900
"Lima", 1219.13, 238
"Palta", 536.90, 475
"Cebolla", 66.16, 752
"Alcachofa", 134.71, 324
"Cebolla", 66.59, 952
"Coliflor", 37.25, 565
"Naranja", 18.59, 1040
"Lima", 1213.34, 200
"Limon", 329.72, 707
"Calabaza", 16.61, 872
"Batata", 23.87, 1180
"Kinoto", 28.12, 238
"Pepino", 40.92, 535
"Lechuga", 41.35, 1017
"Ajo", 907.08, 111
"Repollo", 3.76, 672
"Naranja", 6.33, 1100
"Tomate", 767.63, 729
"Tomate", 737.68, 981
"Naranja", 9.26, 860
"Caqui", 855.12, 103
"Durazno", 149.06, 832
"Kinoto", 31.64, 160
"Batata", 17.87, 1030
"Manzana", 160.36, 920
"Frambuesa", 2090.63, 111
"Repollo", 8.33, 742
"Manzana", 135.47, 830
"Banana", 54.51, 1120
"Calabaza", 13.23, 872
"Kinoto", 39.00, 234
"Lima", 1266.46, 168
"Rabanito", 211.09, 300
"Palta", 1132.90, 396
"Palta", 1129.65, 448
"Pera", 149.11, 810
"Naranja", 9.12, 1100
"Calabaza", 25.02, 888
"Naranja", 12.03, 1070
"Zuccini", 77.42, 660
"Batata", 20.29, 980
"Manzana", 131.86, 900
"Frambuesa", 2017.80, 115
"Lima", 1008.62, 220
"Calabaza", 26.12, 656
"Brocoli", 306.95, 360
"Frutilla", 277.49, 348
"Acelga", 22.68, 882
"Sandia", 61.83, 936
"Pomelo", 36.37, 783
"Alcachofa", 134.08, 261
"Ciruela", 982.44, 918
"Zuccini", 96.80, 540
"Tomate", 725.88, 819
"Melon", 106.74, 412
"Mandarina", 21.79, 1020
"Coliflor", 36.89, 460
"Pera", 154.70, 830
"Caqui", 825.56, 89
"Ciruela", 907.79, 1080
"Lechuga", 45.87, 1017
"Lechuga", 32.34, 1026
"Caqui", 811.32, 118
"Lima", 1400.96, 230
"Naranja", 12.19, 970
"Zuccini", 85.32, 480
"Mandarina", 22.05, 830
"Melon", 104.72, 364
"Zanahoria", 31.73, 684
"Lima", 1278.72, 214
"Apio", 54.95, 306
"Zuccini", 94.09, 624
"Sandia", 62.41, 891
"Uva", 699.55, 240
"Zanahoria", 31.58, 714
"Mandarina", 25.62, 860
"Batata", 18.15, 890
"Cereza", 1032.12, 210
"Durazno", 149.01, 680
"Ajo", 845.12, 100
"Calabaza", 20.88, 760
"Esparrago", 626.41, 234
"Melon", 94.06, 448
"Berenjena", 57.79, 660
"Frambuesa", 2104.22, 119
"Lima", 1184.91, 192
"Papa", 13.31, 860
"Uva", 716.35, 261
"Limon", 350.90, 609
"Sandia", 62.15, 990
"Rabanito", 201.56, 270
"Choclo", 60.62, 243
"Sandia", 56.39, 1017
"Durazno", 268.35, 704
"Papa", 21.55, 1150
"Esparrago", 623.46, 212
"Calabaza", 20.84, 816
"Repollo", 0.99, 665
"Esparrago", 664.37, 192
"Sandia", 68.58, 891
"Durazno", 153.48, 640
"Acelga", 26.73, 936
"Mandarina", 14.09, 1100
"Pepino", 26.69, 475
"Frambuesa", 2051.54, 95
"Frambuesa", 2051.14, 102
"Caqui", 834.20, 91
"Tomate", 755.96, 837
"Tomate", 732.35, 765
"Zuccini", 95.10, 576
"Champignon", 3652.95, 116
"Cereza", 952.68, 188
"Pomelo", 46.25, 1071
"Ciruela", 969.69, 918
"Frutilla", 260.87, 267
"Kiwi", 442.97, 336
"Cebolla", 62.81, 952
"Kinoto", 28.08, 194
"Lima", 1001.04, 190
"Banana", 60.78, 1070
"Zuccini", 76.43, 570
"Durazno", 290.80, 832
"Cebolla", 65.97, 840
"Banana", 57.19, 1060
"Choclo", 62.77, 318
"Durazno", 167.46, 680
"Lima", 978.03, 238
"Zuccini", 90.07, 504
"Alcachofa", 162.59, 297
"Lima", 1254.10, 228
"Cebolla", 81.70, 672
"Zanahoria", 30.81, 504
"Mandarina", 12.98, 1010
"Palta", 1135.21, 344
"Higo", 2493.31, 96
"Cebolla", 68.97, 792
"Berenjena", 54.71, 534
"Ajo", 907.20, 90
"Cebolla", 73.09, 944
"Esparrago", 627.66, 196
"Durazno", 150.67, 680
"Pera", 140.09, 1040
"Naranja", 11.83, 1190
"Lima", 1385.52, 196
"Higo", 2540.46, 96
"Apio", 63.10, 357
"Champignon", 3612.40, 106
"Apio", 64.97, 240
"Berenjena", 54.19, 534
"Kiwi", 419.69, 444
"Kinoto", 28.54, 170
"Zanahoria", 37.52, 708
"Morron", 3020.93, 684
"Papa", 18.11, 1190
"Naranja", 23.22, 920
"Cebolla", 66.59, 696
"Calabaza", 24.87, 936
"Caqui", 812.32, 113
"Ciruela", 990.34, 720
"Kinoto", 38.42, 212
"Lechuga", 43.20, 738
"Pera", 150.28, 1070
"Cereza", 1034.13, 174
"Brocoli", 360.13, 464
"Banana", 79.07, 850
"Lechuga", 43.34, 918
"Champignon", 3604.97, 86
"Lechuga", 47.44, 810
"Zuccini", 71.81, 480
"Higo", 2547.87, 94
"Palta", 1145.66, 392
"TomCherry", 550.89, 220
"Pera", 154.89, 1020
"Melon", 84.63, 452
"Morron", 2894.20, 642
"Lima", 1378.47, 178
"Lima", 1332.77, 234
"Caqui", 813.14, 98
"Frutilla", 302.36, 327
"Palta", 486.78, 485
"Durazno", 255.16, 752
"Frambuesa", 2021.77, 115
"Durazno", 191.97, 920
"Brocoli", 359.74, 368
"Lima", 1289.57, 208
"Morron", 3017.20, 528
"Lima", 1064.50, 186
"Berenjena", 53.66, 582
"Choclo", 52.27, 300
"Tomate", 715.78, 864
"Uva", 670.97, 342
"Sandia", 66.12, 945
"Pera", 144.84, 1140
"Lima", 1016.56, 216
"Calabaza", 25.88, 864
"Repollo", 3.03, 609
"Rabanito", 212.39, 261
"Palta", 1134.11, 420
"Berenjena", 56.22, 690
"Durazno", 131.83, 792
"Repollo", 4.61, 819
"Lima", 1005.47, 204
"Cebolla", 68.56, 792
"Champignon", 3713.42, 93
"Calabaza", 17.73, 840
"Pepino", 36.66, 575
"Ciruela", 930.89, 981
"Naranja", 15.57, 1070
"Rabanito", 236.92, 291
"Ciruela", 945.84, 918
"Lima", 999.27, 162
"Palta", 491.30, 535
"Cereza", 1004.60, 212
"Caqui", 828.40, 119
"Esparrago", 656.58, 232
"Mandarina", 33.18, 1000
"Rabanito", 210.02, 312
"Tomate", 726.89, 900
"Pepino", 40.88, 580
"Lechuga", 44.39, 945
"Zanahoria", 36.40, 600
"Apio", 66.76, 321
"Zanahoria", 28.11, 546
"Naranja", 8.35, 1160
"Calabaza", 15.32, 848
"Durazno", 263.71, 776
"Frutilla", 300.73, 276
"Palta", 496.22, 585
"Caqui", 841.93, 87
"Limon", 301.84, 581
"Papa", 20.04, 1110
"Kiwi", 396.82, 440
"Caqui", 838.03, 91
"Morron", 2914.88, 498
"Zanahoria", 27.80, 486
"Lima", 989.71, 186
"Rabanito", 253.74, 351
"Repollo", 9.30, 637
"Lima", 1079.86, 162
"Zanahoria", 33.49, 612
"Naranja", 20.56, 1090
"Champignon", 3587.35, 94
"Champignon", 3573.88, 84
"Zuccini", 75.64, 492
"Champignon", 3685.09, 83
"Berenjena", 54.15, 510
"Uva", 711.47, 279
"Rabanito", 213.78, 243
"Kiwi", 387.60, 372
"Palta", 1074.50, 408
"Frambuesa", 1982.43, 85
"Zuccini", 78.43, 498
"Morron", 2921.47, 546
"Pepino", 30.94, 515
"Acelga", 15.94, 990
"Tomate", 730.62, 846
"Frutilla", 277.56, 327
"Pepino", 44.53, 450
"Frutilla", 291.90, 243
"Ajo", 869.70, 101
"Kiwi", 488.92, 368
"Durazno", 256.91, 904
"Morron", 2875.23, 708
"Tomate", 705.50, 1071
"Tomate", 777.25, 981
"Champignon", 3589.49, 91
"Cebolla", 75.07, 656
"Ajo", 938.00, 106
"Cereza", 958.96, 230
"Banana", 58.67, 850
"Uva", 725.63, 339
"Champignon", 3540.62, 120
"Durazno", 162.25, 656
"Acelga", 12.13, 999
"Morron", 2910.20, 588
"Coliflor", 25.21, 520
"Brocoli", 388.22, 352
"Mandarina", 19.09, 1090
"Berenjena", 48.91, 678
"Batata", 15.69, 1040
"Palta", 515.81, 405
"Papa", 16.78, 1140
"Papa", 13.06, 890
"Limon", 318.13, 714
"Ajo", 838.78, 90
"Coliflor", 32.39, 405
"Ciruela", 939.09, 837
"Pomelo", 56.50, 891
"Mandarina", 24.55, 1130
"Uva", 709.37, 294
"Naranja", 12.86, 1170
"Frutilla", 293.65, 312
"Frambuesa", 2086.29, 114
"Frutilla", 268.94, 324
"Manzana", 126.46, 1170
"Banana", 73.93, 1090
"Lima", 1019.73, 204
"Morron", 2979.12, 714
"Lima", 1367.16, 182
"Cereza", 1014.29, 208
"Morron", 2935.32, 594
"Morron", 2930.12, 528
"Pomelo", 46.00, 828
"Zanahoria", 27.58, 666
"Papa", 11.04, 880
"Caqui", 801.20, 86
"Sandia", 53.66, 990
"Durazno", 177.93, 768
"Zanahoria", 30.07, 666
"Banana", 68.98, 920
"Ajo", 981.60, 101
"Ajo", 862.56, 108
"Alcachofa", 136.39, 243
"Higo", 2604.11, 117
"Durazno", 150.32, 792
"Melon", 110.86, 420
"Lima", 1387.94, 224
"Cebolla", 64.09, 912
"Kiwi", 431.80, 348
"Manzana", 146.56, 1100
"Ciruela", 988.80, 909
"Durazno", 140.69, 760
"Apio", 50.99, 360
"Palta", 1109.22, 400
"Higo", 2521.97, 84
"TomCherry", 530.43, 212
"Durazno", 155.50, 696
"Morron", 2927.38, 708
"Kinoto", 39.76, 230
"Pera", 179.43, 810
"Coliflor", 22.33, 535
"Alcachofa", 133.20, 288
"Calabaza", 21.30, 824
"Durazno", 181.42, 704
"Pera", 136.37, 1180
"Lima", 1449.11, 208
"Frambuesa", 2075.37, 88
"Durazno", 132.33, 696
"Naranja", 11.33, 1170
"Kinoto", 32.72, 212
"Mandarina", 13.94, 860
"Acelga", 19.06, 927
"Cebolla", 65.35, 792
"Brocoli", 332.76, 376
"Repollo", 8.69, 707
"Ajo", 927.41, 112
"Caqui", 799.64, 88
"Batata", 33.97, 1050
"Alcachofa", 155.18, 240
"Mandarina", 19.56, 1130
"Repollo", 5.50, 763
"Mandarina", 15.93, 950
"Coliflor", 28.44, 485
"Caqui", 778.70, 81
"Uva", 691.84, 330
"Pomelo", 42.68, 837
"Durazno", 160.66, 680
"Ciruela", 1014.36, 954
"Melon", 100.79, 416
"Frutilla", 266.94, 249
"Zanahoria", 39.68, 660
"Brocoli", 350.71, 328
"Lima", 1225.63, 178
"Apio", 58.22, 279
"Coliflor", 22.99, 425
"Kiwi", 457.17, 476
"Frutilla", 292.69, 264
"Repollo", 5.67, 567
"Kinoto", 22.75, 162
"Champignon", 3645.67, 105
"Lima", 1311.44, 196
"Acelga", 17.97, 981
"Pepino", 38.62, 500
"Ajo", 929.43, 84
"Mandarina", 12.18, 1000
"TomCherry", 559.13, 218
"Pera", 139.85, 1050
"Lima", 1390.93, 218
"Manzana", 137.73, 860
"Zanahoria", 36.84, 684
"Durazno", 157.89, 912
"Rabanito", 258.12, 294
"Repollo", 6.65, 686
"Calabaza", 20.62, 744
"Calabaza", 25.84, 648
"Lima", 1096.60, 238
"Kinoto", 35.50, 206
"Durazno", 140.85, 888
"Uva", 741.72, 249
"Uva", 700.15, 336
"Banana", 74.95, 920
"Esparrago", 632.64, 202
"Mandarina", 18.82, 1080
"Kiwi", 425.95, 328
"Durazno", 171.50, 904
"Durazno", 147.64, 728
"Alcachofa", 138.94, 258
"Zanahoria", 34.65, 582
"Cereza", 988.12, 184
"Acelga", 22.59, 954
"Uva", 683.93, 339
"Frutilla", 291.11, 345
"Calabaza", 25.58, 856
"Sandia", 78.52, 747
"Alcachofa", 153.47, 357
"Pera", 164.65, 1140
"Lima", 996.80, 236
"Kiwi", 419.88, 464
"Naranja", 14.26, 1030
"Tomate", 675.22, 1080
"Kiwi", 411.01, 436
"Palta", 1115.40, 332
"Banana", 51.87, 1060
"Lima", 1276.98, 174
"Frambuesa", 2008.31, 87
"Caqui", 846.23, 101
"Mandarina", 22.36, 1010
"Sandia", 69.54, 864
"Mandarina", 27.86, 980
"Mandarina", 20.81, 1200
"Coliflor", 37.43, 540
"Tomate", 727.08, 756
"Ciruela", 954.52, 882
"Manzana", 120.17, 1060
"Repollo", 2.10, 840
"Durazno", 132.82, 872
"Morron", 3092.47, 594
"Kiwi", 424.90, 356
"Uva", 704.10, 351
"Mandarina", 17.77, 990
"Acelga", 33.91, 1071
"Naranja", 11.01, 1010
"Palta", 1178.02, 368
"Palta", 500.10, 415
"Esparrago", 642.79, 206
"Cebolla", 55.62, 960
"Tomate", 768.24, 801
"Palta", 1104.06, 392
"Palta", 1090.35, 344
"Palta", 476.29, 465
"Morron", 2963.82, 504
"Durazno", 288.02, 928
"Durazno", 262.16, 808
"Zuccini", 87.52, 600
"Pomelo", 31.73, 972
"Uva", 720.00, 339
"Tomate", 705.71, 1071
"Frambuesa", 2031.66, 104
"Lima", 1175.65, 228
"Morron", 2842.68, 540
"Esparrago", 601.49, 238
"Batata", 25.74, 1040
"Lechuga", 34.50, 927
"Melon", 100.82, 388
"Pepino", 31.84, 435
"Repollo", 2.57, 665
"Pera", 148.98, 830
"Lechuga", 41.00, 900
"Repollo", 4.66, 763
"Papa", 12.20, 1000
"Tomate", 763.40, 1035
"Cebolla", 73.85, 960
"Rabanito", 209.10, 285
"Palta", 1094.61, 328
"Kiwi", 431.67, 432
"Choclo", 65.64, 336
"Lima", 1251.95, 196
"Durazno", 279.15, 656
"Palta", 485.20, 570
"Apio", 58.56, 258
"Pomelo", 44.25, 810
"Morron", 3027.97, 714
"Frambuesa", 2110.97, 105
"Ajo", 928.41, 81
"Mandarina", 15.05, 910
"Durazno", 152.28, 960
"Alcachofa", 147.72, 309
"Champignon", 3665.54, 86
"Kinoto", 37.71, 164
"Caqui", 822.23, 96
"Rabanito", 236.58, 264
"Papa", 14.10, 1050
"Naranja", 15.45, 1030
"Zuccini", 71.48, 612
"Rabanito", 213.85, 315
"Sandia", 57.10, 1080
"Lima", 1234.61, 214
"Champignon", 3590.64, 100
"Alcachofa", 134.73, 267
"Zuccini", 85.75, 648
"Banana", 54.61, 1120
"Frambuesa", 2040.90, 108
"Coliflor", 29.12, 500
"Pomelo", 65.46, 756
"Durazno", 134.83, 696
"Durazno", 172.85, 952
"Sandia", 53.80, 738
"Morron", 2969.88, 642
"Frutilla", 296.05, 261
"Ajo", 917.75, 111
"Pera", 141.85, 1190
"Ciruela", 972.39, 747
"Pera", 156.60, 920
"Pomelo", 59.11, 864
"Choclo", 44.18, 267
"Mandarina", 14.50, 1130
"Uva", 748.81, 273
"Lima", 1365.08, 238
"Zanahoria", 29.69, 636
"Palta", 492.10, 510
"Pepino", 44.57, 530
"Ajo", 957.54, 99
"Kinoto", 37.43, 188
"Choclo", 50.15, 243
"Tomate", 729.00, 1044
"Ajo", 913.11, 87
"Melon", 115.59, 416
"Coliflor", 41.00, 515
"Pera", 108.77, 1070
"Cereza", 1060.72, 206
"TomCherry", 539.80, 186
"Cereza", 1019.27, 208
"Manzana", 136.16, 890
"Cereza", 1027.27, 238
"Manzana", 116.33, 890
"Lima", 1396.61, 192
"Palta", 1172.15, 380
"Lima", 1321.57, 180
"Berenjena", 64.58, 702
"Tomate", 754.90, 936
"Rabanito", 242.93, 267
"Pera", 162.70, 1010
"Caqui", 757.02, 103
"Pomelo", 48.01, 720
"Rabanito", 203.78, 258
"Esparrago", 631.24, 240
"Frutilla", 295.67, 306
"Kinoto", 29.02, 228
"Pera", 164.95, 1010
"Manzana", 150.20, 800
"Apio", 46.28, 273
"Lechuga", 43.87, 1044
"Coliflor", 35.12, 520
"Kiwi", 433.61, 400
"Naranja", 11.63, 1040
"Banana", 49.74, 1190
"Choclo", 53.44, 285
"Choclo", 56.52, 324
"Frambuesa", 2001.21, 106
"Alcachofa", 142.21, 303
"Kinoto", 39.81, 212
"Manzana", 144.70, 930
"Kiwi", 452.63, 360
"Palta", 1073.92, 456
"Naranja", 15.88, 1200
"Acelga", 21.86, 1071
"Berenjena", 47.38, 618
"Frutilla", 315.85, 351
"Lima", 1367.46, 172
"Rabanito", 237.89, 318
"Esparrago", 654.74, 204
"Champignon", 3617.58, 104
"Banana", 59.55, 820
"Choclo", 61.58, 276
"Durazno", 150.19, 752
"Manzana", 133.41, 960
"Durazno", 154.51, 832
"Choclo", 53.95, 321
"Repollo", 5.39, 693
"Banana", 82.58, 880
"Papa", 15.18, 1140
"Morron", 2981.74, 678
"Pepino", 37.27, 440
"Lima", 1018.39, 240
"Lechuga", 47.52, 1053
"Repollo", 8.80, 609
"Frambuesa", 2061.61, 97
"Esparrago", 625.47, 180
"Cebolla", 63.29, 944
"Calabaza", 21.37, 704
"Limon", 350.45, 833
"Kinoto", 26.25, 202
"Coliflor", 30.15, 520
"Choclo", 52.46, 240
"Cebolla", 68.41, 936
"Pomelo", 52.88, 783
"Lechuga", 52.47, 927
"Brocoli", 394.23, 408
"Cereza", 1022.75, 236
"Higo", 2543.96, 119
"Champignon", 3619.71, 112
"Brocoli", 362.89, 364
"Lima", 1263.32, 240
"Higo", 2485.81, 102
"Durazno", 273.75, 888
"Morron", 2866.29, 594
"Manzana", 119.05, 1100
"Calabaza", 17.65, 656
"Mandarina", 22.85, 940
"Pera", 152.35, 990
"Zuccini", 78.94, 636
"Sandia", 49.72, 1080
"Pepino", 38.72, 535
"Durazno", 247.95, 688
"Durazno", 181.54, 904
"Melon", 121.25, 336
"Cebolla", 68.45, 952
"Banana", 73.10, 1010
"Ajo", 927.95, 119
"Zuccini", 103.43, 696
"Apio", 62.38, 339
"TomCherry", 552.22, 172
"Sandia", 65.47, 1008
"Frambuesa", 2076.93, 96
"Berenjena", 61.68, 492
"Kiwi", 406.15, 440
"Lima", 1353.90, 196
"Lima", 1396.31, 226
"Durazno", 244.69, 744
"Palta", 498.39, 460
"Banana", 66.97, 1180
"Lima", 1258.52, 230
"Kiwi", 427.08, 468
"Uva", 706.86, 339
"Banana", 67.11, 1130
"Repollo", 5.29, 644
"Melon", 108.98, 400
"Ciruela", 939.13, 1008
"Lima", 1343.04, 240
"Repollo", 5.74, 840
"Ciruela", 970.32, 1035
"Lima", 1329.98, 206
"Sandia", 54.06, 1035
"Pepino", 43.53, 560
"Esparrago", 643.02, 222
"Lechuga", 30.54, 981
"Pera", 148.42, 840
"Frutilla", 275.76, 342
"Manzana", 141.94, 910
"Durazno", 269.42, 856
"Papa", 17.03, 910
"Pera", 165.47, 840
"Papa", 8.68, 1200
"TomCherry", 544.00, 212
"Durazno", 303.44, 680
"Morron", 2925.51, 696
"Zuccini", 83.39, 498
"Cereza", 987.70, 176
"Lima", 1035.11, 176
"Pepino", 35.37, 515
"Alcachofa", 141.12, 255
"Pepino", 46.95, 470
"Pepino", 47.25, 525
"Tomate", 683.44, 1080
"Durazno", 254.14, 744
"Cebolla", 75.26, 800
"Melon", 95.10, 468
"Kinoto", 41.81, 238
"Mandarina", 12.17, 820
"Sandia", 54.78, 882
"Lima", 1418.62, 164
"Higo", 2496.59, 87
"Pomelo", 34.05, 891
"Choclo", 51.61, 321
"Zuccini", 85.59, 654
"Durazno", 129.38, 944
"Lima", 1362.72, 172
"Palta", 1187.83, 468
"Pomelo", 44.02, 936
"Brocoli", 351.58, 420
"Champignon", 3654.15, 95
"Naranja", 17.30, 1110
"Champignon", 3651.02, 111
"Uva", 701.16, 339
"Palta", 500.27, 450
"Champignon", 3653.21, 117
"Rabanito", 217.99, 294
"Tomate", 718.10, 819
"Berenjena", 48.16, 552
"Apio", 38.33, 273
"Apio", 71.44, 318
"Durazno", 179.99, 856
"Melon", 110.00, 460
"Durazno", 289.40, 712
"Mandarina", 12.97, 960
"Manzana", 114.67, 1110
"Uva", 722.38, 360
"Morron", 2877.94, 498
"Uva", 659.29, 243
"Zanahoria", 40.71, 654
"Limon", 332.42, 679
"Brocoli", 334.34, 436
"Durazno", 170.75, 872
"Higo", 2450.10, 89
"Palta", 1190.27, 412
"Zuccini", 78.65, 588
"Manzana", 149.30, 1160
"Rabanito", 226.88, 348
"Morron", 2775.30, 660
"Durazno", 162.26, 888
"Limon", 331.53, 707
"Acelga", 21.11, 1008
"Melon", 102.05, 328
"Tomate", 708.82, 1053
"Berenjena", 60.95, 708
"Naranja", 15.75, 990
"Pomelo", 55.15, 747
"Repollo", 5.23, 833
"Caqui", 801.58, 99
"Tomate", 800.76, 729
"Berenjena", 58.71, 492
"Rabanito", 194.31, 279
"Batata", 26.63, 890
"Cebolla", 77.80, 952
"Palta", 1174.14, 392
"Berenjena", 57.98, 588
"Naranja", 10.29, 1060
"Lima", 1050.68, 160
"Melon", 114.33, 336
"Higo", 2584.37, 94
"Lima", 1204.94, 164
"Durazno", 176.82, 640
"Batata", 24.85, 960
"Melon", 128.45, 356
"Kiwi", 456.84, 400
"Caqui", 861.90, 80
"Ciruela", 993.24, 765
"Kinoto", 38.41, 236
"Champignon", 3596.71, 81
"Uva", 730.04, 351
"Mandarina", 15.63, 830
"Banana", 58.77, 800
"Naranja", 18.06, 890
"Ciruela", 1002.37, 1044
"Uva", 636.07, 297
"Brocoli", 322.28, 348
"Durazno", 290.19, 656
"Choclo", 59.61, 255
"Batata", 13.68, 950
"Berenjena", 48.70, 690
"Frambuesa", 2094.63, 95
"Durazno", 161.74, 752
"Lima", 1381.16, 236
"Naranja", 11.22, 1090
"Limon", 326.54, 602
"Choclo", 47.54, 342
"Durazno", 129.33, 872
"Acelga", 30.19, 828
"Berenjena", 29.33, 564
"Caqui", 858.92, 113
"Caqui", 810.31, 103
"Melon", 92.61, 476
"TomCherry", 562.00, 204
"Durazno", 150.68, 672
"Zuccini", 97.81, 570
"Frambuesa", 2006.57, 88
"Esparrago", 639.51, 166
"Frambuesa", 2043.80, 107
"Kinoto", 29.16, 212
"Cebolla", 69.30, 904
"Banana", 62.67, 830
"Acelga", 19.43, 1071
"Pera", 132.60, 1070
"Choclo", 56.59, 303
"Zuccini", 85.22, 660
"Rabanito", 198.18, 327
"Ajo", 923.70, 96
"Morron", 2935.32, 534
"Frambuesa", 2065.21, 120
"Rabanito", 226.87, 324
"Alcachofa", 167.78, 342
"Lechuga", 44.41, 819
"Ajo", 842.37, 85
"Mandarina", 14.76, 800
"Lima", 1319.16, 222
"Lechuga", 42.16, 783
"Pepino", 36.28, 580
"Frambuesa", 2074.68, 86
"Repollo", 7.66, 812
"Durazno", 195.19, 944
"Palta", 501.50, 455
"Zanahoria", 33.87, 558
"Durazno", 256.61, 856
"Durazno", 197.00, 800
"Esparrago", 634.91, 220
"Tomate", 766.91, 909
"Lechuga", 39.12, 999
"Papa", 15.50, 1070
"Mandarina", 29.37, 1020
"Cebolla", 67.90, 640
"Mandarina", 14.41, 1090
"Papa", 21.64, 890
"Palta", 479.44, 530
"Durazno", 160.24, 880
"Apio", 63.78, 276
"Mandarina", 22.92, 960
"Higo", 2446.72, 99
"Banana", 64.13, 1050
"Brocoli", 334.26, 368
"Caqui", 786.90, 113
"Choclo", 37.70, 291
"Brocoli", 348.44, 420
"Lima", 1450.02, 208
"Pera", 156.82, 840
"Rabanito", 239.26, 276
"Esparrago", 664.98, 188
"Pepino", 23.35, 485
"Melon", 110.67, 340
"Cebolla", 82.57, 688
"Palta", 481.04, 460
"Calabaza", 25.24, 720
"Caqui", 815.94, 89
"Pomelo", 49.75, 963
"Zuccini", 78.81, 582
"Sandia", 56.57, 729
"Pepino", 38.20, 430
"Brocoli", 345.39, 328
"Higo", 2589.85, 80
"Cebolla", 74.63, 904
"Alcachofa", 152.56, 330
"Higo", 2477.35, 107
"Caqui", 865.13, 101
"Palta", 1200.28, 476
"Berenjena", 54.03, 558
"Frutilla", 302.08, 309
"Frambuesa", 2097.92, 117
"Zanahoria", 31.73, 684
"Batata", 30.47, 1160
"Caqui", 792.07, 116
"Palta", 471.81, 535
"Caqui", 826.75, 116
"TomCherry", 532.33, 236
"Morron", 2978.44, 570
"Melon", 109.14, 368
"Champignon", 3575.23, 80
"Melon", 117.66, 324
"Cebolla", 65.74, 864
"Cebolla", 60.94, 712
"Apio", 68.51, 243
"Ciruela", 987.92, 963
"Kinoto", 37.81, 228
"Calabaza", 19.79, 960
"Sandia", 74.56, 810
"Uva", 725.14, 348
"TomCherry", 550.69, 224
"Palta", 497.46, 530
"Palta", 1157.28, 364
"Sandia", 79.19, 1062
"Champignon", 3638.24, 109
"Acelga", 20.23, 1035
"Calabaza", 21.57, 648
"Zanahoria", 31.39, 702
"Ajo", 882.23, 86
"Cebolla", 64.11, 928
"Rabanito", 222.97, 333
"Kinoto", 31.08, 162
"Rabanito", 204.75, 333
"Manzana", 130.29, 810
"Champignon", 3604.05, 118
"Sandia", 70.05, 945
"Zuccini", 72.97, 636
"Calabaza", 25.32, 640
"Brocoli", 355.42, 344
"Brocoli", 398.77, 396
"Mandarina", 24.37, 860
"Uva", 735.28, 318
"Frambuesa", 2103.98, 85
"Berenjena", 42.69, 666
"Lechuga", 42.12, 819
"Palta", 1237.86, 428
"Durazno", 279.10, 664
"Higo", 2446.15, 110
"Lima", 1261.38, 204
"Rabanito", 240.42, 315
"Calabaza", 15.38, 664
"Manzana", 164.51, 1150
"Durazno", 264.04, 840
"Champignon", 3538.65, 89
"Caqui", 828.86, 98
"Coliflor", 29.04, 455
"Lima", 1384.86, 208
"Pomelo", 58.13, 945
"Manzana", 141.27, 850
"Higo", 2485.03, 114
"Alcachofa", 160.65, 309
"TomCherry", 537.01, 222
"Sandia", 70.65, 1017
"Ajo", 921.28, 100
"Pomelo", 47.32, 990
"Batata", 19.40, 1080
"Ciruela", 982.28, 1035
"Choclo", 61.37, 336
"Zanahoria", 28.47, 672
"Brocoli", 358.93, 416
"Cereza", 1051.99, 168
"Coliflor", 26.58, 505
"Papa", 9.61, 810
"Lima", 1162.20, 240
"Banana", 69.04, 820
"Kinoto", 33.88, 208
"Kiwi", 453.50, 432
"Cereza", 1039.33, 168
"Alcachofa", 124.54, 354
"Calabaza", 14.34, 840
"Melon", 115.28, 320
"Ciruela", 974.91, 891
"Frutilla", 318.56, 264
"Berenjena", 53.29, 696
"Lechuga", 22.14, 765
"Banana", 70.18, 900
"Naranja", 17.34, 1060
"Alcachofa", 128.14, 273
"Morron", 2993.94, 624
"Cebolla", 68.93, 720
"Morron", 3058.34, 522
"Frutilla", 278.13, 357
"Lima", 1238.34, 206
"Mandarina", 16.52, 1190
"Kinoto", 24.24, 170
"Lima", 1202.40, 224
"Sandia", 61.53, 1026
"Durazno", 287.09, 824
"Champignon", 3527.27, 102
"Higo", 2474.52, 97
"Morron", 2912.57, 720
"Papa", 17.88, 1080
"Ajo", 936.13, 105
"Ciruela", 950.56, 765
"Naranja", 6.41, 1190
"Limon", 314.50, 651
"Lima", 1231.96, 162
"Lechuga", 33.61, 1053
"Cereza", 1076.25, 226
"Repollo", 6.27, 777
"Coliflor", 23.65, 410
"Ciruela", 989.17, 855
"Palta", 455.19, 420
"Lima", 970.31, 160
"Pera", 141.66, 1100
"Tomate", 725.72, 747
"Tomate", 713.14, 1035
"Frutilla", 285.05, 273
"Apio", 52.03, 357
"Alcachofa", 136.59, 267
"Naranja", 13.09, 1050
"Cereza", 1014.97, 236
"TomCherry", 532.93, 186
"Higo", 2528.17, 110
"Coliflor", 31.84, 560
"Mandarina", 14.90, 1060
"Palta", 482.91, 580
"Apio", 52.54, 357
"Esparrago", 622.77, 168
"Coliflor", 32.81, 415
"Sandia", 67.94, 918
"Papa", 11.26, 1030
"Frambuesa", 2060.72, 94
"Zuccini", 94.20, 480
"Kiwi", 466.41, 332
"Brocoli", 374.70, 444
"Tomate", 732.93, 891
"Champignon", 3473.06, 96
"Lima", 1333.52, 238
"Palta", 485.70, 425
"Papa", 13.99, 1110
"Banana", 66.01, 990
"Naranja", 11.81, 920
"Rabanito", 222.59, 288
"Rabanito", 233.14, 243
"Durazno", 143.26, 704
"Batata", 25.02, 990
"Batata", 25.26, 1200
"Durazno", 172.96, 760
"Durazno", 136.35, 648
"Ajo", 912.82, 81
"Ciruela", 883.37, 720
"Cebolla", 66.23, 720
"Batata", 20.25, 1190
"Pepino", 34.77, 530
"Zanahoria", 26.95, 504
"Pomelo", 57.72, 747
"Lechuga", 40.62, 1008
"Lima", 1341.33, 232
"Acelga", 14.03, 792
"Pepino", 35.44, 440
"Mandarina", 18.79, 950
"Naranja", 12.43, 830
"Durazno", 126.40, 904
"Morron", 2940.24, 564
"Esparrago", 674.31, 170
"Berenjena", 57.63, 540
"Lima", 1425.76, 230
"Coliflor", 25.45, 410
"Rabanito", 212.57, 339
"Tomate", 726.00, 747
"Calabaza", 14.83, 920
"Frutilla", 293.44, 327
"Cereza", 1023.02, 180
"Sandia", 59.62, 999
"Frutilla", 295.77, 306
"Limon", 327.83, 728
"Morron", 3027.30, 516
"Higo", 2450.74, 89
"Zanahoria", 19.75, 570
"Berenjena", 62.16, 624
"Tomate", 737.39, 882
"Kiwi", 449.77, 344
"Papa", 18.24, 1000
"Kinoto", 40.20, 192
"Palta", 473.37, 445
"Frambuesa", 2125.71, 83
"Lima", 1372.78, 172
"Uva", 737.63, 351
"Mandarina", 16.62, 900
"Papa", 17.47, 980
"Higo", 2502.09, 85
"Durazno", 157.55, 848
"Melon", 110.35, 452
"Sandia", 50.03, 828
"Ciruela", 924.86, 1062
"Kiwi", 417.89, 436
"Mandarina", 30.78, 1070
"Pepino", 46.26, 560
"Zuccini", 74.41, 618
"Pomelo", 51.12, 999
"Kiwi", 465.25, 392
"Mandarina", 18.67, 1160
"Berenjena", 64.91, 630
"Higo", 2523.69, 120
"Lima", 1325.26, 170
"Lima", 1044.47, 224
"Pera", 132.01, 920
"Mandarina", 10.97, 850
"Lima", 1053.55, 236
"Palta", 502.25, 470
"Apio", 60.89, 249
"Manzana", 132.58, 1180
"Durazno", 185.41, 712
"Sandia", 72.86, 765
"Tomate", 740.98, 891
"Calabaza", 12.71, 944
"Lima", 1043.39, 160
"Uva", 734.53, 348
"Lima", 1073.92, 232
"Frambuesa", 2040.97, 107
"Pomelo", 39.65, 801
"Repollo", 5.31, 574
"Ajo", 926.15, 81
"Banana", 63.43, 1020
"Alcachofa", 148.84, 291
"Limon", 316.62, 616
"Durazno", 165.98, 896
"Esparrago", 630.71, 228
"Papa", 19.65, 860
"Banana", 66.00, 1060
"Lima", 998.94, 232
"Sandia", 50.66, 1062
"Durazno", 145.50, 752
"Papa", 12.67, 1070
"Choclo", 54.70, 297
"Lima", 1038.13, 186
"Sandia", 69.13, 882
"Caqui", 758.36, 106
"TomCherry", 529.16, 194
"Lima", 1177.21, 172
"Alcachofa", 135.03, 276
"Kiwi", 435.23, 348
"Palta", 1123.48, 440
"Banana", 73.86, 970
"Caqui", 835.25, 99
"Calabaza", 23.25, 696
"Cebolla", 54.24, 656
"Melon", 112.32, 464
"Palta", 473.19, 470
"Durazno", 137.30, 776
"Mandarina", 22.22, 910
"Rabanito", 225.06, 294
"Acelga", 25.71, 909
"Berenjena", 56.70, 660
"Zanahoria", 31.95, 564
"Ajo", 877.02, 91
"Mandarina", 21.54, 1020
"Mandarina", 18.65, 1180
"Cebolla", 66.18, 760
"Pera", 145.20, 1160
"Lima", 1059.41, 218
"Frutilla", 270.61, 327
"Lima", 1025.96, 208
"Kinoto", 30.46, 170
"Champignon", 3569.42, 112
"Mandarina", 19.39, 820
"Coliflor", 24.40, 580
"Melon", 116.38, 440
"Champignon", 3593.59, 84
"Palta", 1138.04, 424
"Uva", 723.93, 303
"TomCherry", 538.33, 240
"Cebolla", 59.78, 792
"Cereza", 1107.42, 222
"Brocoli", 346.07, 364
"Zuccini", 91.55, 702
"Frambuesa", 2045.38, 82
"Kinoto", 34.31, 218
"Durazno", 154.62, 760
"Tomate", 760.72, 927
"Champignon", 3574.69, 107
"Naranja", 13.74, 1100
"Durazno", 260.12, 640
"Berenjena", 56.76, 594
"Manzana", 142.61, 840
"Kinoto", 34.91, 168
"Naranja", 8.59, 960
"Rabanito", 205.17, 345
"Lechuga", 54.23, 882
"Lima", 1372.60, 210
"Acelga", 27.91, 1053
"Pera", 137.94, 900
"Durazno", 180.49, 640
"Alcachofa", 132.74, 243
"Banana", 65.52, 1130
"Tomate", 722.62, 810
"Palta", 487.27, 455
"Morron", 2939.16, 498
"Pera", 159.53, 1140
"Lima", 1097.28, 228
"Naranja", 22.10, 1070
"Lima", 1379.18, 192
"Lechuga", 40.03, 918
"Frambuesa", 2036.34, 114
"Lechuga", 42.30, 783
"Esparrago", 646.13, 172
"Manzana", 140.26, 910
"Naranja", 11.52, 1160
"Esparrago", 596.50, 232
"Melon", 122.44, 332
"Durazno", 269.79, 888
"Cereza", 1037.41, 176
"Pera", 145.79, 1020
"Higo", 2469.49, 101
"Repollo", 3.52, 805
"Calabaza", 19.33, 760
"Naranja", 17.40, 1090
"Kiwi", 404.77, 472
"Naranja", 11.54, 1130
"Higo", 2510.12, 116
"Naranja", 19.51, 900
"Caqui", 810.20, 86
"Tomate", 746.56, 954
"Sandia", 62.91, 729
"Melon", 117.00, 440
"Apio", 56.41, 324
"Ciruela", 972.26, 963
"Durazno", 161.33, 648
"Pomelo", 54.21, 900
"Morron", 2953.96, 678
"Limon", 296.29, 679
"Morron", 2923.87, 690
"Uva", 681.08, 267
"Pera", 140.42, 820
"Lima", 1322.55, 178
"Naranja", 10.72, 920
"Morron", 2907.96, 498
"Kinoto", 29.22, 168
"Coliflor", 40.79, 525
"Lima", 1356.53, 230
"Repollo", 7.34, 595
"Apio", 53.49, 300
"Durazno", 154.84, 808
"Mandarina", 19.02, 1070
"Pepino", 29.01, 600
"Rabanito", 246.12, 303
"Zanahoria", 35.85, 690
"Sandia", 74.94, 846
"Champignon", 3675.18, 100
"Acelga", 19.66, 1080
"Kiwi", 419.46, 328
"Papa", 19.62, 810
"Papa", 12.74, 910
"Batata", 27.47, 950
"TomCherry", 558.79, 212
"Tomate", 726.92, 882
"Lima", 1061.50, 210
"Frambuesa", 2086.07, 104
"Uva", 731.58, 303
"Ajo", 917.68, 90
"Ciruela", 987.80, 801
"Durazno", 296.96, 720
"Ciruela", 933.51, 783
"Acelga", 24.83, 909
"Naranja", 11.59, 810
"Durazno", 283.74, 864
"Kiwi", 420.55, 444
"Mandarina", 15.69, 1120
"Sandia", 56.91, 783
"Durazno", 178.68, 768
"Frutilla", 267.61, 282
"Higo", 2537.36, 115
"Palta", 1118.40, 392
"Caqui", 824.70, 106
"Melon", 103.00, 408
"Durazno", 277.66, 760
"Palta", 484.21, 465
"Frutilla", 321.27, 276
"Alcachofa", 148.08, 297
"Alcachofa", 146.02, 246
"Mandarina", 12.50, 840
"Tomate", 729.08, 972
"Lima", 979.82, 230
"Papa", 17.49, 940
"Palta", 531.15, 420
"Kiwi", 426.23, 444
"Banana", 68.18, 860
"Repollo", 6.33, 812
"Pepino", 35.62, 450
"Naranja", 14.88, 930
"Palta", 1145.06, 360
"Manzana", 128.46, 1020
"Cebolla", 59.94, 680
"Banana", 68.84, 1070
"Apio", 67.20, 249
"Champignon", 3666.84, 101
"Durazno", 156.75, 648
"Durazno", 132.17, 640
"Kinoto", 32.56, 188
"Frambuesa", 1958.29, 87
"Durazno", 263.30, 648
"Palta", 496.30, 590
"Pomelo", 44.03, 918
"Mandarina", 33.15, 930
"Rabanito", 258.14, 360
"Acelga", 12.54, 828
"Mandarina", 22.06, 1000
"Ajo", 908.25, 96
"Choclo", 41.97, 348
"Uva", 694.80, 321
"Melon", 94.60, 368
"Pomelo", 41.27, 720
"Frutilla", 267.10, 291
"Naranja", 16.42, 900
"Choclo", 64.44, 249
"Frambuesa", 2036.76, 84
"Kinoto", 28.95, 214
"Kinoto", 31.67, 204
"Mandarina", 17.76, 960
"Kinoto", 29.01, 196
"Repollo", -0.59, 686
"Palta", 1178.99, 452
"Alcachofa", 169.61, 348
"Lima", 1033.21, 196
"Caqui", 845.11, 117
"Tomate", 760.60, 882
"Champignon", 3652.47, 108
"Zuccini", 97.78, 702
"Champignon", 3623.76, 82
"Lima", 1243.39, 180
"Lima", 1003.34, 192
"Lima", 1043.42, 200
"Manzana", 160.36, 890
"Lima", 1204.77, 172
"Sandia", 57.77, 1026
"Coliflor", 33.89, 475
"Papa", 13.98, 1110
"Cereza", 1005.76, 226
"Frambuesa", 2058.03, 103
"Lima", 1171.47, 240
"Morron", 3030.71, 684
"Mandarina", 17.79, 970
"Zuccini", 72.43, 672
"Pepino", 38.81, 545
"Batata", 20.08, 840
"Ciruela", 967.06, 927
"Zuccini", 100.88, 678
"Pomelo", 48.15, 846
"Naranja", 14.92, 810
"Zanahoria", 34.38, 498
"Repollo", -0.84, 819
"Pera", 135.31, 950
"Zanahoria", 36.79, 642
"Zuccini", 101.85, 708
"Lima", 1079.97, 228
"Brocoli", 376.26, 352
"Pomelo", 50.85, 738
"Lima", 1189.52, 230
"Naranja", 12.53, 1000
"Lechuga", 41.38, 756
"Cebolla", 78.28, 704
"Zanahoria", 42.19, 594
"Lima", 1001.60, 196
"Tomate", 766.32, 981
"TomCherry", 544.36, 208
"Mandarina", 15.58, 1130
"Ciruela", 873.78, 828
"Limon", 369.44, 595
"Mandarina", 11.50, 930
"Lima", 1344.40, 160
"Palta", 1114.09, 408
"Mandarina", 24.05, 1010
"Lechuga", 39.95, 792
"Sandia", 62.01, 945
"Lima", 1051.20, 218
"Lima", 1397.85, 240
"Higo", 2628.64, 104
"TomCherry", 563.84, 162
"Mandarina", 19.94, 1100
"Kinoto", 35.56, 228
"Lima", 969.60, 164
"Lima", 1231.62, 236
"Kiwi", 432.46, 340
"Pomelo", 48.54, 1071
"Pera", 155.86, 960
"Batata", 18.90, 880
"Durazno", 148.31, 784
"Limon", 316.72, 581
"Esparrago", 621.15, 222
"Choclo", 68.99, 261
"Rabanito", 238.97, 261
"Repollo", 2.15, 728
"Frutilla", 299.34, 351
"Papa", 12.83, 1040
"Papa", 14.01, 1130
"Esparrago", 651.40, 188
"Coliflor", 33.49, 500
"Mandarina", 15.32, 930
"Batata", 14.54, 1040
"Morron", 2968.84, 618
"Calabaza", 21.23, 760
"Tomate", 721.56, 1062
"Uva", 692.62, 291
"Papa", 12.27, 1150
"Palta", 490.65, 545
"Kiwi", 448.79, 360
"Lima", 1010.00, 186
"Zuccini", 105.20, 630
"Coliflor", 26.64, 505
"Choclo", 59.17, 240
"Batata", 18.85, 810
"Tomate", 754.09, 1026
"Esparrago", 605.37, 164
"Zuccini", 99.18, 594
"Lima", 1377.85, 162
"Acelga", 20.60, 972
"Frambuesa", 2070.90, 106
"Lima", 1236.81, 194
"Berenjena", 66.44, 708
"Ciruela", 912.59, 846
"Sandia", 58.13, 882
"Sandia", 58.21, 891
"Melon", 93.10, 464
"Berenjena", 46.41, 480
"Mandarina", 12.15, 840
"Lima", 1332.63, 166
"Frambuesa", 2001.53, 88
"Zuccini", 94.89, 660
"Zanahoria", 31.09, 588
"Frutilla", 306.72, 252
"Apio", 57.10, 330
"Limon", 313.78, 707
"Ajo", 939.77, 113
"Rabanito", 215.39, 333
"Mandarina", 10.82, 820
"Esparrago", 631.58, 220
"Batata", 25.39, 1170
"Cebolla", 64.19, 640
"Palta", 1089.29, 388
"Ciruela", 934.63, 1026
"Papa", 16.87, 1120
"Kiwi", 477.61, 336
"Lechuga", 41.41, 810
"Frambuesa", 1995.58, 82
"Palta", 1146.67, 372
"Repollo", 3.07, 665
"Uva", 715.24, 348
"Lechuga", 46.66, 801
"Lechuga", 40.97, 936
"Banana", 60.20, 1200
"Zuccini", 81.34, 606
"Naranja", 12.82, 1070
"Cebolla", 69.36, 720
"Palta", 509.35, 575
"Mandarina", 15.45, 1040
"Palta", 470.94, 525
"Batata", 26.74, 1010
"Frutilla", 301.78, 255
"Choclo", 70.98, 264
"Uva", 726.46, 348
"Kinoto", 41.63, 210
"Champignon", 3604.79, 111
"Papa", 17.26, 880
"Sandia", 58.40, 738
"Kinoto", 36.49, 208
"Pomelo", 60.15, 783
"Alcachofa", 139.99, 303
"Cereza", 985.82, 202
"Tomate", 768.80, 765
"Uva", 717.72, 285
"Alcachofa", 123.21, 348
"Ciruela", 939.96, 972
"Lechuga", 46.06, 936
"Ajo", 910.34, 117
"Lima", 1040.13, 220
"Durazno", 158.76, 736
"Ajo", 951.90, 105
"Calabaza", 20.37, 656
"Naranja", 10.53, 1130
"Apio", 60.24, 351
"TomCherry", 542.69, 160
"TomCherry", 556.09, 214
"Zanahoria", 35.66, 546
"Durazno", 264.27, 648
"Naranja", 11.64, 1060
"Ciruela", 977.51, 1053
"Esparrago", 631.61, 204
"Lima", 1036.74, 162
"Durazno", 157.68, 864
"Choclo", 66.30, 309
"Alcachofa", 127.30, 282
"Mandarina", 15.99, 1110
"Lima", 987.44, 216
"Calabaza", 14.40, 928
"Palta", 1064.01, 472
"Zanahoria", 31.55, 486
"Higo", 2525.58, 85
"Limon", 349.31, 644
"Mandarina", 9.49, 1020
"Repollo", 5.78, 700
"Mandarina", 19.92, 1200
"Mandarina", 15.27, 950
"Champignon", 3717.72, 89
"Kiwi", 434.38, 336
"Melon", 94.08, 352
"Brocoli", 337.99, 380
"Champignon", 3598.97, 81
"Kinoto", 37.30, 198
"Ajo", 922.12, 96
"Kinoto", 35.20, 174
"Brocoli", 349.80, 444
"Batata", 21.50, 960
"Mandarina", 14.24, 900
"Zuccini", 77.49, 624
"Zanahoria", 29.04, 624
"Choclo", 61.67, 258
"Calabaza", 22.99, 656
"Durazno", 148.73, 664
"Esparrago", 587.09, 192
"Batata", 15.56, 1150
"Durazno", 156.32, 752
"Cereza", 1055.14, 196
"Pomelo", 45.23, 954
"Morron", 2910.83, 618
"Pera", 150.71, 1050
"Mandarina", 22.12, 1160
"Manzana", 148.92, 820
"Lima", 1030.78, 232
"Cebolla", 71.47, 664
"Lima", 1218.28, 232
"Batata", 15.26, 940
"Palta", 1155.30, 396
"Morron", 2971.18, 636
"Naranja", 15.90, 1120
"Palta", 518.27, 550
"Kinoto", 32.82, 188
"Lima", 1386.26, 198
"Higo", 2537.33, 104
"Lima", 1200.64, 192
"Rabanito", 258.09, 300
"Pera", 131.13, 870
"Champignon", 3594.53, 88
"Kinoto", 29.11, 224
"Frambuesa", 2074.80, 116
"Pera", 145.76, 800
"Lima", 1376.74, 192
"Repollo", 4.42, 749
"Pera", 131.91, 840
"Banana", 53.42, 1120
"Sandia", 58.40, 954
"Durazno", 129.83, 752
"Pomelo", 40.73, 972
"Lechuga", 45.73, 819
"Alcachofa", 171.13, 315
"Apio", 44.21, 252
"TomCherry", 537.12, 214
"Frambuesa", 2064.56, 103
"Zuccini", 84.83, 702
"Manzana", 125.59, 1020
"Lima", 1193.59, 226
"Manzana", 164.55, 1030
"Repollo", 4.89, 784
"Durazno", 165.64, 864
"Zuccini", 98.92, 594
"Choclo", 64.78, 264
"Choclo", 56.60, 261
"Kiwi", 415.65, 404
"Ciruela", 893.37, 765
"Calabaza", 23.14, 880
"Lima", 1029.56, 188
"Batata", 23.01, 1180
"Pomelo", 54.49, 927
"Palta", 1155.87, 356
"Ciruela", 1008.79, 882
"Choclo", 56.11, 252
"Naranja", 20.92, 1140
"Champignon", 3645.83, 87
"Palta", 1143.65, 408
"Banana", 56.69, 810
"Apio", 56.32, 240
"Lima", 1245.88, 182
"Manzana", 132.96, 1020
"Morron", 2943.21, 540
"Pepino", 34.13, 495
"Durazno", 263.37, 936
"Frambuesa", 2042.36, 114
"Cebolla", 67.46, 952
"Acelga", 18.73, 900
"Cebolla", 77.87, 848
"Manzana", 146.85, 820
"Alcachofa", 149.02, 240
"Zuccini", 78.65, 486
"Frambuesa", 2105.00, 93
"Morron", 2955.97, 708
"Caqui", 855.30, 104
"Uva", 713.44, 285
"Rabanito", 240.98, 336
"TomCherry", 590.73, 222
"Palta", 1160.34, 424
"Banana", 63.39, 1160
"Manzana", 156.87, 1190
"Frutilla", 290.70, 261
"Tomate", 721.51, 738
"Uva", 710.98, 249
"Zuccini", 88.72, 684
"Papa", 20.23, 950
"TomCherry", 531.59, 188
"Kinoto", 26.58, 202
"Pepino", 37.81, 570
"Rabanito", 214.73, 315
"Banana", 42.90, 1020
"Pepino", 43.73, 550
"Repollo", 5.86, 756
"Frambuesa", 2010.82, 89
"Durazno", 272.24, 712
"Zuccini", 78.46, 702
"Zuccini", 93.88, 618
"Pomelo", 49.86, 918
"Palta", 1116.03, 420
"Durazno", 123.87, 824
"Durazno", 152.90, 784
"Coliflor", 29.68, 470
"Cebolla", 84.58, 944
"Coliflor", 31.33, 400
"Cereza", 1084.00, 192
"Esparrago", 617.27, 168
"Higo", 2522.13, 86
"Durazno", 294.77, 792
"Mandarina", 27.33, 1010
"Higo", 2543.80, 101
"Naranja", 17.68, 930
"Manzana", 156.92, 1000
"Lima", 1417.90, 232
"Coliflor", 31.56, 450
"Naranja", 17.85, 820
"Esparrago", 597.60, 198
"Mandarina", 19.80, 1200
"Manzana", 131.00, 1100
"Zanahoria", 30.23, 612
"Zuccini", 95.25, 558
"Lechuga", 37.66, 1008
"Batata", 37.55, 810
"Rabanito", 221.01, 282
"Durazno", 143.62, 696
"Durazno", 140.81, 672
"Pepino", 38.17, 480
"Choclo", 54.25, 333
"Durazno", 144.60, 816
"Batata", 19.13, 1120
"Manzana", 115.61, 900
"Higo", 2480.12, 90
"Lima", 1253.98, 174
"Lima", 1016.01, 170
"Pomelo", 54.84, 810
"Calabaza", 15.76, 904
"Tomate", 712.49, 819
"Palta", 1137.93, 368
"Lima", 1321.10, 232
"Apio", 71.60, 294
"Pepino", 28.36, 580
"Naranja", 18.14, 1190
"Coliflor", 28.16, 520
"Frambuesa", 2057.29, 82
"Manzana", 136.03, 940
"Naranja", 12.91, 930
"Alcachofa", 164.39, 279
"Uva", 690.15, 324
"Alcachofa", 138.67, 342
"Frutilla", 324.01, 267
"Frambuesa", 2068.59, 94
"Alcachofa", 146.98, 294
"Pomelo", 38.08, 828
"Limon", 335.59, 665
"Melon", 110.90, 332
"Uva", 713.76, 270
"Acelga", 27.66, 1062
"Pomelo", 49.48, 720
"Higo", 2459.77, 113
"Cereza", 1078.23, 208
"Choclo", 56.38, 255
"Durazno", 262.31, 744
